{"cameraMode":{"drawMode":0,"name":"Shaded","section":"Shading Mode"},"sceneLighting":true,"audioPlay":false,"sceneViewState":{"showFog":true,"showMaterialUpdate":false,"showSkybox":true,"showFlares":true,"showImageEffects":true,"showParticleSystems":true},"in2DMode":false,"pivot":{"x":-7.571743965148926,"y":-4.6613616943359379,"z":-1.1524450778961182},"rotation":{"x":-0.15987180173397065,"y":0.7564958930015564,"z":-0.20109085738658906,"w":-0.6014295220375061},"size":10.0,"orthographic":false}