{"cameraMode":{"drawMode":0,"name":"Shaded","section":"Shading Mode"},"sceneLighting":true,"audioPlay":false,"sceneViewState":{"showFog":true,"showMaterialUpdate":false,"showSkybox":true,"showFlares":true,"showImageEffects":true,"showParticleSystems":true},"in2DMode":false,"pivot":{"x":-4.104424953460693,"y":-1.8871674537658692,"z":0.28661197423934939},"rotation":{"x":-0.14037486910820008,"y":0.7114323377609253,"z":-0.1485237330198288,"w":-0.6723835468292236},"size":5.039278984069824,"orthographic":false}