{"cameraMode":{"drawMode":0,"name":"Shaded","section":"Shading Mode"},"sceneLighting":false,"audioPlay":false,"sceneViewState":{"showFog":true,"showMaterialUpdate":false,"showSkybox":true,"showFlares":true,"showImageEffects":true,"showParticleSystems":true},"in2DMode":false,"pivot":{"x":-0.20725277066230775,"y":0.1192483901977539,"z":0.5215014815330505},"rotation":{"x":-0.06315480172634125,"y":-0.06072796508669853,"z":0.0038531161844730379,"w":-0.9961469769477844},"size":0.7843336462974548,"orthographic":false}