{"cameraMode":{"drawMode":0,"name":"Shaded","section":"Shading Mode"},"sceneLighting":false,"audioPlay":false,"sceneViewState":{"showFog":true,"showMaterialUpdate":false,"showSkybox":true,"showFlares":true,"showImageEffects":true,"showParticleSystems":true},"in2DMode":false,"pivot":{"x":-0.21160966157913209,"y":0.33692967891693118,"z":-0.2918681502342224},"rotation":{"x":-0.16099993884563447,"y":-0.08514516055583954,"z":0.013946065679192543,"w":-0.9831759333610535},"size":0.2120235413312912,"orthographic":false}