{"cameraMode":{"drawMode":0,"name":"Shaded","section":"Shading Mode"},"sceneLighting":false,"audioPlay":false,"sceneViewState":{"showFog":true,"showMaterialUpdate":false,"showSkybox":true,"showFlares":true,"showImageEffects":true,"showParticleSystems":true},"in2DMode":false,"pivot":{"x":-0.18540005385875703,"y":-0.0007000267505645752,"z":0.11999992281198502},"rotation":{"x":-0.18348364531993867,"y":0.548637330532074,"z":-0.1248825192451477,"w":-0.8060615658760071},"size":0.2120235413312912,"orthographic":false}